game,id,hours,metascore,userscore,wilsonscore,sdbrating,userscore_count,release_date,win,mac,linux,steam deck,captions available,co-op,co-op any,commentary available,controller support any,cross-platform multiplayer,early access,family sharing,full controller support,geforce now,has_demo,hdr available,in-app purchases,includes level editor,includes source sdk
100% Orange Juice,282800,22.6,,93.0,93.0,91.0,13811.0,9/10/2013,x,,,x,,,x,,,,,x,,,,,,,
140,242820,,80.0,94.0,93.0,89.0,1913.0,10/16/2013,x,x,x,x,,,,,,,,x,,,,,,,
60 Parsecs!,646270,0.116666667,,89.0,88.0,85.0,2581.0,9/18/2018,x,x,,x,,,,,,,,x,,,,,,,
7 Days to Die,251570,7.166666667,,88.0,88.0,87.0,210422.0,12/13/2013,x,x,x,x,,,x,,,x,x,x,,x,,,,x,
8-Bit Bayonetta,567090,0.033333333,,86.0,84.0,82.0,1158.0,3/31/2017,x,,,,,,,,x,,,,,,,,,,
A Virus Named TOM,207650,9.116666667,65.0,72.0,62.0,66.0,62.0,8/1/2012,x,x,x,x,,,x,,,,,x,,,,,,,
ACE - Arena: Cyber Evolution,285580,0.616666667,,,,,2.0,8/18/2014,,,,,,,x,,,,x,x,,,,,,,
Ace of Spades: Battle Builder,224540,28.9,49.0,65.0,64.0,64.0,18414.0,,,,,,,,x,,,x,,x,,,,,,x,
Afterimage,1701520,,,80.0,79.0,78.0,3997.0,4/24/2023,x,,,x,,,,,,,,x,,,,,,,
Age of Chivalry,17510,3.183333333,,87.0,86.0,83.0,2338.0,12/1/2007,x,,,x,,,x,,,,,,,,,,,,
Age of Wonders III,226840,0.9,80.0,81.0,80.0,79.0,6749.0,3/31/2014,x,x,x,x,,,x,,,x,,x,,x,,,,x,
Alan Wake,108710,3.1,83.0,90.0,90.0,88.0,32547.0,2/16/2012,x,,,x,,,,,,,,x,,x,,,,,
Alan Wake's American Nightmare,202750,,73.0,71.0,70.0,69.0,5959.0,5/22/2012,x,,,x,,,,,,,,x,,x,,,,,
Amnesia: The Dark Descent,57300,8.133333333,85.0,95.0,95.0,93.0,17709.0,9/8/2010,x,x,x,x,x,,,x,,,,x,,x,,,,x,
Among Ripples,341720,0.05,,68.0,66.0,66.0,1437.0,1/22/2015,x,x,x,,,,,,,,,x,,,,,,,
Among Us,945360,35.21666667,85.0,92.0,92.0,91.0,599556.0,11/16/2018,x,,,x,,,x,,,x,,x,,x,,,,,
Anarchy Arcade,266430,0.283333333,,68.0,66.0,66.0,2225.0,9/3/2014,x,,,x,,,x,,,,x,,,,,,,x,
AppGameKit Classic: Easy Game Development,325180,,,80.0,75.0,74.0,198.0,11/21/2014,x,x,x,,,,,,,,,,,,,,,,
Arcade Paradise,1388870,,,89.0,87.0,84.0,842.0,8/11/2022,x,,,x,,,x,,,,,x,,,,,,,
ARK: Survival Evolved,346110,,70.0,83.0,83.0,82.0,515791.0,8/27/2017,x,x,,x,,,x,,,,,x,,x,,,,x,
ARK: The Survival Of The Fittest,407530,,,73.0,72.0,71.0,4382.0,8/29/2017,x,x,,,,,,,,,,x,,x,,,,x,
Armor of Heroes,1368440,,,58.0,52.0,56.0,213.0,10/15/2020,x,,,,,,x,,x,,,,x,,,,,,
Atlas Reactor,402570,1.133333333,81.0,83.0,82.0,81.0,5299.0,10/4/2016,,,,,,,x,,,,,x,,,,,x,,
Aveyond 3-1: Lord of Twilight,272010,,,77.0,69.0,70.0,84.0,2/7/2014,x,,,,,,,,,,,x,,,,,,,
Aviary Attorney,384630,,77.0,94.0,93.0,89.0,1007.0,12/21/2015,x,x,,,x,,,,,,,x,,,,,,,
Axis Game Factory's AGFPRO v3,253370,,,60.0,54.0,58.0,185.0,11/19/2013,x,x,x,,,,,,,,,,,,,,,x,
Baba Is You,736260,6.15,87.0,98.0,98.0,95.0,16740.0,3/13/2019,x,x,x,x,,,,,,,,x,,,,,,,
Babble Royale,1759440,0.383333333,,81.0,79.0,77.0,1010.0,12/15/2021,x,x,,x,,,,,,,x,,,,,,x,,
Balatro,2379780,22.65,90.0,97.0,97.0,95.0,27050.0,2/20/2024,x,x,,x,,,,,,,,x,,,,,,,
Baldur's Gate 3,1086940,102.0333333,96.0,96.0,96.0,95.0,531210.0,8/3/2023,x,x,,x,,,x,,,,,x,,,,,,,
Barony,371970,35.06666667,,92.0,91.0,89.0,5037.0,6/23/2015,x,x,x,x,,,x,,,x,,x,,,,,,x,
Bastion,107100,5.983333333,86.0,95.0,95.0,93.0,26921.0,8/16/2011,x,x,x,x,,,,,,,,x,,,,,,,
Batman‚Ñ¢: Arkham Origins,209000,26.68333333,74.0,88.0,88.0,86.0,32711.0,10/24/2013,x,,,,,,,,,,,x,,,,,,,
Battle Nations,251670,0.1,,,,,,9/18/2014,x,,,,,,,,,x,,,,,,,,,
BattleBit Remastered,671860,12.48333333,,89.0,89.0,88.0,112300.0,6/15/2023,x,,,x,,,,,,,x,x,,,,,,,
BattleBlock Theater¬Æ,238460,11.86666667,85.0,97.0,97.0,95.0,53260.0,5/15/2014,x,x,x,x,,,x,,,,,x,,,,,,x,
Battleborn,394230,5.316666667,69.0,62.0,61.0,61.0,9736.0,5/3/2016,,,,,,,x,,,,,x,,,,,,,
Battlerite,504370,2.333333333,85.0,84.0,84.0,83.0,59293.0,11/8/2017,x,,,x,,,,,,,,,,,,,x,,
Battlerite Public Test,427460,,,,,,,,,,,,,,,,,,,,,,,,,,
Bayonetta,460790,16.63333333,90.0,92.0,92.0,90.0,22258.0,4/11/2017,x,,,x,,,,,,,,x,,,,,,,
Beat Hazard,49600,5.366666667,70.0,95.0,94.0,92.0,4945.0,4/15/2010,x,x,x,,,,x,,,x,,x,,,,,,,
Beat Saber,620980,45.2,93.0,95.0,95.0,93.0,65807.0,5/21/2019,x,,,,,,,,,,,x,,,,,,,
BioShock Infinite,8870,14.5,94.0,93.0,93.0,92.0,101596.0,3/25/2013,x,x,x,x,,,,,,,,x,,,,,,,
BIT.TRIP Presents... Runner2: Future Legend of Rhythm Alien,218060,0.7,,93.0,92.0,88.0,1596.0,2/26/2013,x,x,x,x,,,,,,,,x,,,,,,,
Black Desert,582660,1.983333333,80.0,76.0,76.0,75.0,54145.0,5/24/2017,x,,,,,,x,,,,,,,x,,,x,,
Black Skylands,1143810,,,82.0,81.0,79.0,1938.0,8/15/2023,x,,,x,,,,,,,,x,,x,,,,,
Black The Fall,308060,,72.0,78.0,75.0,74.0,649.0,7/11/2017,x,,,x,,,,,,,,x,,,,,,,
Blacklight: Retribution,209870,2.066666667,75.0,48.0,41.0,48.0,152.0,7/2/2012,,,,,,,x,,,,,x,,,,,,x,
Blade and Sorcery,629730,4.2,,96.0,96.0,94.0,44529.0,12/11/2018,x,,,,,,,,,,x,x,,,,,,,
Blade Symphony,225600,6.5,72.0,65.0,64.0,64.0,4707.0,5/7/2014,x,x,x,x,,,,,,x,,,,,,,x,x,x
Blender,365670,3.766666667,,96.0,96.0,94.0,56191.0,1/2/1994,x,x,x,,,,,,,,,,,,,,,,
Block N Load,299360,0.4,72.0,78.0,77.0,76.0,15296.0,4/30/2015,x,,,,,,,,,,,,,,,,,x,
Bloons TD Battles,444640,0.3,,90.0,90.0,88.0,28568.0,4/20/2016,x,x,,x,,,x,,,,,,,,,,x,,
Bloons TD Battles 2,1276390,2.616666667,,83.0,83.0,82.0,28908.0,11/30/2021,x,x,,x,,,,,,,,,,,,,x,,
Bopl Battle,1686940,1.716666667,,96.0,96.0,93.0,5396.0,11/16/2023,x,,,x,,,x,,,,,x,,,x,,,,
Borderlands 2,49520,370.7166667,89.0,95.0,95.0,94.0,187985.0,9/17/2012,x,x,x,x,,,x,,,,,x,,,,,,,
Borderlands 3,397540,132.6,81.0,85.0,85.0,84.0,102040.0,3/13/2020,x,,,x,,,x,,,x,,x,,,,,,,
Borderlands: The Pre-Sequel,261640,10.53333333,75.0,83.0,83.0,81.0,27873.0,10/14/2014,x,x,x,x,,,x,,,,,x,,,,,,,
BPM: BULLETS PER MINUTE,1286350,9.666666667,,92.0,92.0,89.0,8875.0,9/15/2020,x,,,x,,,,,,,,x,,,,,,,
Brawlhalla,291550,1.95,,82.0,82.0,81.0,360578.0,10/17/2017,x,x,,x,,,x,,,x,,,,x,,,,,
Brotato,1942280,17.43333333,,97.0,97.0,95.0,70666.0,6/23/2023,x,,,x,,,,,,,,x,,,,,,,
Brutal Legend,225260,13.03333333,80.0,94.0,94.0,91.0,9604.0,2/26/2013,x,x,x,x,,,,,,,,x,,,,,,,
Call of Duty: World at War,10090,45.51666667,83.0,92.0,92.0,90.0,40492.0,11/18/2008,x,,,,,,x,,,,,x,,,,,,,
Call of Duty¬Æ: Black Ops III,311210,10.18333333,73.0,87.0,87.0,86.0,121562.0,11/5/2015,x,x,,x,,,x,,,,,x,,,,,,,
Card Hunter,293260,0.133333333,80.0,85.0,84.0,82.0,5085.0,7/13/2015,x,x,,x,x,,x,,,x,,,,,,,,x,
Cards and Castles,360730,0.4,,73.0,70.0,70.0,772.0,12/18/2015,x,x,,,,,,,,x,,,,,,,x,,
Castle Crashers¬Æ,204360,13.91666667,,96.0,96.0,94.0,82252.0,9/26/2012,x,x,,x,,,x,,,,,x,,,x,,,,
Chivalry 2,1824220,0.616666667,82.0,82.0,82.0,81.0,28156.0,6/12/2022,x,,,,,,,,,x,,,,,,,x,,
Chivalry: Medieval Warfare,219640,9.05,79.0,83.0,83.0,82.0,45078.0,10/16/2012,x,x,x,,,,x,,,,,x,,x,,,,x,
CHRONO TRIGGER¬Æ,613830,12.46666667,,87.0,86.0,85.0,8027.0,2/27/2018,x,,,x,,,,,,,,x,,,,,,,
Cities: Skylines,255710,68.63333333,85.0,93.0,93.0,92.0,188627.0,3/10/2015,x,x,x,x,,,,,,,,x,,x,,,,x,
Citizen Sleeper,1578650,,82.0,94.0,93.0,91.0,4604.0,5/5/2022,x,x,,x,,,,,,,,x,,,,,,,
Clicker Heroes,363970,2.483333333,,89.0,89.0,88.0,60164.0,5/13/2015,x,x,,,,,,,,,,,,,,,x,,
Company of Heroes,228200,,93.0,94.0,94.0,91.0,9915.0,9/11/2006,x,,,,,,x,,,,,x,,,,,,,
Company of Heroes - Legacy Edition,4560,11.1,93.0,93.0,92.0,90.0,4344.0,9/11/2006,x,,,x,,,x,,,,,x,,,,,,,
Company of Heroes 2,231430,,80.0,80.0,80.0,79.0,63613.0,6/25/2013,x,x,x,x,,,x,,,,,x,,,,,,,
Content Warning,2881650,7.616666667,,92.0,91.0,89.0,6918.0,4/1/2024,x,,,x,,,x,,,,,x,,,,,,,
Contraption Maker,241240,0.15,,92.0,90.0,86.0,838.0,7/7/2014,x,x,x,x,,,x,,,x,,x,,,x,,,x,
Costume Quest,115100,10.06666667,,94.0,93.0,90.0,2320.0,10/14/2011,x,x,x,x,,,,,,,,x,,,,,,,
Counter-Strike 2,730,57.58333333,,87.0,87.0,87.0,8000337.0,8/21/2012,x,,x,x,,,x,,,x,,,,x,,,x,,
Counter-Strike Nexon: Studio,273110,,,66.0,66.0,65.0,41557.0,10/7/2014,x,,,,x,,x,,,,,,,,,,x,,
Counter-Strike: Source,240,20.28333333,88.0,96.0,96.0,95.0,115524.0,11/1/2004,x,x,x,x,,,,,,x,,x,,x,,,,,x
Crab Game,1782210,18.4,,91.0,91.0,90.0,150604.0,10/29/2021,x,x,x,x,,,x,,,,,,,,,,,,
Crawl,293780,6.316666667,,95.0,94.0,92.0,5133.0,4/11/2017,x,x,x,x,,,x,,,,,x,,,,,,,
Creaks,956030,,82.0,95.0,94.0,91.0,3342.0,7/22/2020,x,x,,x,,,,,,,,x,,,,,,,
Crusader Kings II,203770,1.2,82.0,90.0,90.0,89.0,71100.0,2/14/2012,x,x,x,x,,,,,,,,,,x,,,,,
Cry of Fear,223710,0.6,,88.0,88.0,87.0,60346.0,4/25/2013,x,,,,,,x,,,,,,,,,,,,
Crypt,2138700,0.433333333,,90.0,89.0,85.0,1252.0,9/27/2022,x,,,,,,,,,,,,,,,,,,
Crypt of the NecroDancer,247080,16.31666667,87.0,95.0,95.0,93.0,21165.0,4/23/2015,x,x,x,x,x,,x,,,,,x,,,,,,x,
CRYPTARK,344740,,80.0,83.0,81.0,79.0,862.0,6/20/2017,x,x,x,x,,,x,,,,,x,,,,,,,
Cult of the Lamb,1313140,6.2,82.0,94.0,94.0,92.0,65425.0,8/11/2022,x,x,,x,,,,,,,,x,,,,,,,
Cyberpunk 2077,1091500,88.7,86.0,83.0,83.0,82.0,645578.0,12/9/2020,x,,,x,,,,,,,,x,,x,,,,,
Danganronpa 2: Goodbye Despair,413420,38.61666667,83.0,96.0,96.0,94.0,22832.0,4/18/2016,x,x,x,x,,,,,,,,x,,x,,,,,
Danganronpa V3: Killing Harmony,567640,4.566666667,80.0,84.0,84.0,82.0,16932.0,9/25/2017,x,,,,,,,,,,,x,,x,,,,,
Danganronpa: Trigger Happy Havoc,413410,22.65,82.0,96.0,96.0,94.0,25789.0,2/18/2016,x,x,x,x,,,,,,,,x,,x,,,,,
DARK SOULS‚Ñ¢ II,236430,8.283333333,91.0,87.0,87.0,85.0,29273.0,4/25/2014,x,,,x,,,x,,,,,x,,,,,,,
DARK SOULS‚Ñ¢ II: Scholar of the First Sin,335300,45.75,79.0,85.0,85.0,84.0,64670.0,4/1/2015,,,,x,,,x,,,,,x,,,,,,,
DARK SOULS‚Ñ¢ III,374320,72.45,89.0,94.0,94.0,93.0,241757.0,4/11/2016,x,,,x,,,x,,,,,x,,,,,,,
Darkest Dungeon¬Æ,262060,16.18333333,84.0,91.0,91.0,90.0,116855.0,1/19/2016,x,x,x,x,,,,,,,,x,,,,,,,
DARQ: Complete Edition,433550,,,94.0,93.0,90.0,3292.0,8/15/2019,x,,,x,,,,,,,,x,,,,,,,
Darwin Project,544920,6.2,74.0,81.0,81.0,79.0,18464.0,1/13/2020,x,,,,,,x,,,,,,,x,,,x,,
Dead by Daylight,381210,174.8166667,,80.0,80.0,79.0,518903.0,6/14/2016,x,,,x,,,x,,,x,,x,,x,,,,,
Dead Cells,588650,44.3,89.0,97.0,97.0,96.0,128377.0,8/6/2018,x,x,x,x,,,,,,,,x,,x,,,,,
Dead Estate,1484720,2.416666667,,95.0,94.0,91.0,3740.0,10/19/2021,x,,,x,,,,,,,,x,,,x,,,,
Dead Island: Epidemic,222900,,,81.0,81.0,79.0,19766.0,11/20/2014,x,,,,,x,x,,,,x,,,,,,,,
Deadly Sin 2,285420,0.016666667,,92.0,83.0,79.0,50.0,7/2/2010,x,,,,,,,,,,,x,,,,,,,
Deep Rock Galactic,548430,71.21666667,85.0,97.0,97.0,96.0,226704.0,5/13/2020,x,,,x,x,,x,,,,,x,,x,,,,,
Defence Alliance 2,35420,,,38.0,35.0,40.0,882.0,10/22/2009,,,,,,,x,,,,,x,,,,,,,
Defiance,224600,0.366666667,64.0,76.0,75.0,74.0,12649.0,6/4/2014,,,,,,,x,,,,,,,,,,,,
Desktop Dungeons,226620,,82.0,88.0,86.0,83.0,1097.0,4/18/2023,x,x,x,x,,,,,,,,x,,,,,,,
Destiny 2,1085660,264.45,83.0,80.0,80.0,79.0,589485.0,10/1/2019,x,,,,,,x,,,,,,,x,,,x,,
Deus Ex: Human Revolution - Director's Cut,238010,6.583333333,91.0,92.0,92.0,90.0,22638.0,10/25/2013,x,,,x,x,,,x,,,,x,,x,,,,,
Devil May Cry 5,601150,26.61666667,89.0,95.0,95.0,93.0,80614.0,3/7/2019,x,,,x,,,x,,,,,x,,,,x,,,
DiRT 3 Complete Edition,321040,,86.0,88.0,87.0,85.0,5209.0,4/1/2015,x,x,,,,,x,,x,x,,,x,,,,,,
DiRT Rally,310560,,86.0,87.0,87.0,85.0,39330.0,12/7/2015,,,,x,,,x,,,,,x,,,,,,,
Dirty Bomb¬Æ,333930,13.45,63.0,81.0,81.0,80.0,57610.0,6/1/2015,x,,,,,,x,,,,,,,x,,,x,,
Disco Elysium - The Final Cut,632470,7.166666667,97.0,93.0,93.0,92.0,83572.0,10/15/2019,x,x,,x,,,,,,,,x,,x,,,,,
Dishonored,205100,11.05,91.0,97.0,97.0,95.0,59012.0,10/8/2012,x,,,x,,,,,,,,x,,,,,,,
Divinity: Original Sin 2 - Definitive Edition,435150,124.8333333,93.0,95.0,95.0,94.0,155176.0,9/14/2017,x,x,,x,x,,x,,,,,x,,x,,,,x,
Doki Doki Literature Club!,698780,4.15,,96.0,96.0,95.0,197733.0,9/22/2017,x,x,,x,,,,,,,,,,,,,,,
Dominion,1131620,30.76666667,,85.0,83.0,81.0,1420.0,2/1/2024,x,,,x,,,,,,x,,,,,,,,,
Don't Starve,219740,27.51666667,79.0,96.0,96.0,95.0,89752.0,4/23/2013,x,x,x,x,,,,,,,,x,,x,,,,,
Don't Starve Together,322330,16.11666667,83.0,95.0,95.0,94.0,304702.0,4/21/2016,x,x,x,x,,,x,,,,,x,,x,,,x,,
DOOM,379720,4.016666667,85.0,95.0,95.0,94.0,126745.0,5/12/2016,x,,,x,,,x,,,,,x,,,,,,,
Dorfromantik,1455840,3.4,,96.0,96.0,94.0,23565.0,4/28/2022,x,,,x,,,,,,,,x,,x,,,,,
Dota 2,570,58.91666667,90.0,81.0,81.0,81.0,2216554.0,7/9/2013,x,x,x,x,,,x,,,,,,,x,,,x,,
Dota Underlords,1046930,11.05,,82.0,82.0,81.0,90679.0,6/20/2019,x,x,x,x,,,x,,,x,,,,x,,,,,
Double Action: Boogaloo,317360,2.2,,92.0,92.0,89.0,11261.0,10/23/2014,x,,x,x,,,x,,,x,,,,,,,,x,x
Downfall - A Slay the Spire Fan Expansion,1865780,3.766666667,,97.0,96.0,93.0,3336.0,3/25/2022,x,,x,x,,,,,,,,,,,,,,,
DRAGON BALL XENOVERSE,323470,79.01666667,,89.0,89.0,87.0,15277.0,2/26/2015,x,,,x,,,x,,,,,x,,,,,,,
Dragon's Dogma: Dark Arisen,367500,9.05,81.0,88.0,88.0,86.0,33088.0,1/15/2016,x,,,x,,,,,,,,x,,,,,,,
Drawful 2,442070,,,91.0,89.0,85.0,748.0,6/20/2016,x,x,x,x,,,x,,,,,x,,,,,,,
Duelyst,291410,6.016666667,82.0,82.0,81.0,80.0,4769.0,8/23/2016,,,,,,,,,,x,,x,,,,,x,,
Duelyst II,2004320,,,74.0,72.0,71.0,1614.0,12/16/2022,x,x,x,x,,,,,,x,,,,,,,x,,
Dungeon Defenders II,236110,4.633333333,,77.0,77.0,76.0,21219.0,6/20/2017,x,,,,,,x,,,,,,,x,,,,,
Dungeon of the ENDLESS‚Ñ¢,249050,11.93333333,,88.0,87.0,86.0,9090.0,10/27/2014,x,x,,x,,,x,,,,,x,,x,,,,,
Dungeons 2,262280,0.833333333,70.0,78.0,77.0,75.0,2162.0,4/24/2015,x,x,x,x,,,,,,x,,x,,,,,,,
Dying Light,239140,9.366666667,87.0,95.0,95.0,94.0,298595.0,1/26/2015,x,x,x,x,,,x,,,,,x,,x,,,,x,
Eets Munchies,214550,,,83.0,78.0,76.0,159.0,3/11/2014,x,,,,,,,,,,,x,,,,,,x,
ELDEN RING,1245620,143.95,94.0,92.0,92.0,91.0,596244.0,2/24/2022,x,,,x,,,x,,,,,x,,,,,,,
Elsword,237310,3.0,,74.0,73.0,72.0,9382.0,7/2/2014,x,,,,,,x,,,,,,,,,,,,
Emily is Away,417860,,,88.0,88.0,86.0,31408.0,11/20/2015,x,x,x,,,,,,,,,,,,,,,,
ENDLESS‚Ñ¢ Legend,289130,89.71666667,82.0,84.0,83.0,82.0,13797.0,9/18/2014,x,x,,x,,,,,,x,,x,,x,,,,,
ENDLESS‚Ñ¢ Space - Definitive Edition,208140,,77.0,79.0,78.0,77.0,6460.0,7/4/2012,x,x,,x,,,,,,x,,x,,x,,,,,
Enter the Gungeon,311690,61.31666667,84.0,95.0,95.0,93.0,69621.0,4/5/2016,x,,x,x,,,x,,,,,x,,x,,,,,
Escape Simulator,1435790,13.03333333,82.0,94.0,94.0,91.0,12236.0,10/19/2021,x,x,x,x,,,x,,,x,,x,,x,,,,x,
Euro Truck Simulator 2,227300,6.85,79.0,97.0,97.0,96.0,556810.0,10/18/2012,x,x,x,x,,,x,,,,,x,,x,x,,,x,
Evolve Stage 2,273350,63.88333333,77.0,65.0,64.0,64.0,9245.0,2/10/2015,,,,,,,x,,,,,x,,,,,,,
Exoblast,725100,0.1,,79.0,75.0,74.0,313.0,1/31/2022,x,,,x,,,,,,,,,,,,,,,
F1 2015,286570,,61.0,63.0,62.0,62.0,8602.0,7/9/2015,,,,x,,,x,,,x,,x,,,,,,,
Faeria,397060,6.15,81.0,84.0,82.0,80.0,1367.0,3/8/2017,x,x,x,x,,,x,,,,,x,,,,,x,,
Fall Guys,1097150,25.33333333,80.0,81.0,81.0,80.0,476899.0,8/3/2020,,,,,,,x,,,,,,,,,,x,,
Fallout 4,377160,52.95,84.0,83.0,83.0,82.0,218208.0,11/9/2015,x,,,x,,,,,,,,x,,,,,,,
Fallout: A Post Nuclear Role Playing Game,38400,,89.0,94.0,94.0,91.0,11473.0,9/30/1997,x,,,x,,,,,,,,x,,,,,,,
Fallout: New Vegas,22380,29.76666667,84.0,96.0,96.0,95.0,156997.0,10/19/2010,x,,,x,,,,,,,,x,,,,,,,
Far Cry 3,220240,16.6,88.0,89.0,89.0,88.0,90181.0,12/4/2012,x,,,x,,,x,,,,,,,x,,,,,
FEZ,224760,0.766666667,91.0,93.0,93.0,90.0,10106.0,5/1/2013,x,x,x,x,,,,,,,,x,,,,,,,
Fibbage XL,448080,,,95.0,92.0,86.0,226.0,3/24/2016,x,x,x,x,,,,,,,,x,,,,,,,
FINAL FANTASY XIV Online,39210,1697.9,83.0,88.0,88.0,87.0,66792.0,2/18/2014,x,,,x,,,x,,,x,,x,,,,,,,
FINAL FANTASY XV WINDOWS EDITION,637650,22.68333333,,83.0,83.0,82.0,37745.0,3/6/2018,x,,,x,,,x,,,,,x,,,x,,,,
Fingerbones,391270,0.283333333,,79.0,78.0,76.0,3410.0,3/20/2014,x,,,,,,,,,,,,,,,,,,
Forager,751780,21.7,78.0,90.0,90.0,88.0,30655.0,4/18/2019,x,,,x,,,,x,,,,x,,,,,,,
Fortune-499,840610,,,100.0,94.0,84.0,45.0,5/10/2018,x,x,,,,,,,,,,x,,,,,,,
FPS Chess,2021910,0.733333333,,83.0,83.0,81.0,28441.0,7/16/2022,x,,,,,,,,,,,,,,,,,,
Fractured Space,310380,,79.0,77.0,76.0,75.0,13546.0,9/22/2016,x,,,,,x,x,,,,,,,,,,x,,
FTL: Faster Than Light,212680,36.25,84.0,95.0,95.0,93.0,55968.0,9/14/2012,x,x,x,x,,,,,,,,x,,x,,,,,
Fuse,257400,,,64.0,62.0,63.0,2210.0,11/6/2013,x,x,,,,,,,,,,,,,,,,,
FUSER‚Ñ¢,1331440,17.21666667,,85.0,83.0,81.0,1420.0,11/10/2020,,,,x,,,x,,,,,x,,,,,,,
Game Character Hub,292230,0.3,,67.0,61.0,63.0,189.0,5/23/2014,x,,,,,,,,,,,,,,,,,,
GameGuru Classic,266310,,,72.0,70.0,69.0,1205.0,5/19/2015,x,,,,,,,,,,,,,,,,,x,
Garry's Mod,4000,1002.016667,,96.0,96.0,95.0,910371.0,11/29/2006,x,x,x,x,x,,x,,,x,,x,,x,,,,x,x
Geometry Dash,322170,58.41666667,,93.0,93.0,92.0,317393.0,12/22/2014,x,x,,x,,,,,,,,x,,,,,,x,
Ghost of Tsushima DIRECTOR'S CUT,2215430,,,,,,,5/16/2024,x,,,,,,x,,,,,,,,,,,,
GOAT OF DUTY,555000,,,89.0,87.0,83.0,544.0,7/10/2019,x,,,x,,,,,,,x,x,,,,,,,
God Of Weapons,2342950,,,86.0,85.0,83.0,3277.0,9/12/2023,x,,,x,,,,,,,,x,,,,,,,
Gorilla Tag,1533390,0.3,,93.0,93.0,91.0,16503.0,1/1/2023,x,,,,,,,,,x,,x,,,,,x,,
Gotham City Impostors Free to Play,206210,10.38333333,,85.0,84.0,83.0,11968.0,8/30/2012,,,,,,,x,,,,,x,,,,,,,
Guardians of Middle-earth,111900,6.0,56.0,27.0,23.0,31.0,395.0,8/29/2013,,,,x,,,x,,,,,x,,,,,,,
GUILTY GEAR -STRIVE-,1384160,126.3666667,85.0,91.0,91.0,89.0,33805.0,6/11/2021,x,,,x,,,,,,,,x,,x,,,,,
GUNDAM EVOLUTION,1816670,2.683333333,,53.0,52.0,53.0,20929.0,9/19/2022,,,,,,,x,,,,,x,,,,,x,,
Gunfire Reborn,1217060,36.21666667,,93.0,93.0,92.0,80190.0,11/17/2021,x,,,x,,,x,,,,,x,,x,,,,,
Gunpoint,206190,2.716666667,83.0,97.0,97.0,94.0,9608.0,6/3/2013,x,x,x,,x,,,,,,,x,,,x,,,x,
Guns of Icarus Alliance,608800,,,81.0,78.0,76.0,581.0,3/31/2017,x,x,x,,,,x,,,,,x,,,,,x,,
Guns of Icarus Online,209080,,64.0,91.0,90.0,88.0,8250.0,10/29/2012,x,x,x,x,,,x,,,,,x,,,,,,,
GWENT: The Witcher Card Game,1284410,5.316666667,80.0,88.0,88.0,86.0,19173.0,5/19/2020,x,,,,,,,,,x,,,,x,,,x,,
Hacknet,365450,1.1,82.0,93.0,93.0,91.0,15041.0,8/12/2015,x,x,x,,x,,,,,,,x,,x,,,,x,
Hades,1145360,78.91666667,93.0,98.0,98.0,97.0,229359.0,9/17/2020,x,x,,x,x,,,,,,,x,,,,,,,
Half-Life 2,220,5.583333333,96.0,97.0,97.0,96.0,150354.0,11/16/2004,x,x,x,x,x,,,,,,,x,,x,,,,,x
Half-Life 2: Lost Coast,340,,,89.0,88.0,87.0,10067.0,10/27/2005,,,,x,,,,x,,,,x,,,,,,,
Halls of Torment,2218750,14.3,,96.0,96.0,94.0,19911.0,5/24/2023,x,,x,x,,,,,,,x,x,,,,,,,
Halo Infinite,1240440,2.966666667,,70.0,70.0,69.0,169944.0,11/15/2021,x,,,x,,,x,,,x,,,,,,,x,x,
Halo: The Master Chief Collection,976730,11.7,,92.0,92.0,91.0,204083.0,12/3/2019,x,,,x,,,x,,,x,,x,,,,,,,
Happy Wars,246280,1.033333333,,77.0,76.0,75.0,6412.0,5/28/2014,x,,,,,x,x,,x,,,,x,,,,,,
Headsnatchers,797410,,,70.0,61.0,65.0,88.0,11/7/2019,x,,,x,,,x,,,,,x,,x,,,,,
Hellblade: Senua's Sacrifice,414340,,83.0,90.0,90.0,89.0,56278.0,8/8/2017,x,,,x,,,,,,,,x,,,,,,,
Hellblade: Senua's Sacrifice VR Edition,747350,,87.0,85.0,83.0,81.0,1114.0,7/31/2018,x,,,,,,,,,,,x,,,,,,,
HELLCARD,1201540,2.066666667,,84.0,83.0,81.0,1930.0,2/1/2024,x,,,x,,,x,,,,,x,,,,,,,
HELLDIVERS‚Ñ¢ 2,553850,34.45,,85.0,85.0,84.0,299157.0,2/8/2024,x,,,x,,,x,,,,,x,,,,,x,,
Helltaker,1289310,1.933333333,,97.0,97.0,96.0,117743.0,5/11/2020,x,x,x,x,,,,,,,,,,,,,,,
Heretic's Fork,2181610,10.31666667,,86.0,85.0,82.0,2169.0,9/13/2023,x,,,x,,,,,,,,x,,,,,,,
Heroes & Generals,227940,2.116666667,,67.0,67.0,67.0,143608.0,10/18/2016,,,,,,,x,,,,,x,,x,,,x,,
Hitman: Absolution‚Ñ¢,203140,64.05,79.0,92.0,92.0,90.0,34525.0,11/19/2012,x,,,x,,,,,,,,x,,x,,,,,
Hitman: Sniper Challenge,205930,0.6,,,,,,,x,x,,,,,,,x,,,,,,,,,,
HITMAN‚Ñ¢,236870,31.56666667,,83.0,83.0,82.0,37098.0,3/11/2016,,,,x,,,,,,,,x,,x,x,,,,
HITMAN‚Ñ¢ 2,863550,18.8,82.0,91.0,91.0,90.0,74516.0,11/13/2018,,,,x,,,x,,,,,x,,x,,,,,
Hollow Knight,367520,34.98333333,87.0,97.0,97.0,96.0,306035.0,2/24/2017,x,x,x,x,,,,,,,,x,,x,,,,,
HoloCure - Save the Fans!,2420510,4.7,,99.0,99.0,97.0,29207.0,8/16/2023,x,,,,,,,,,,,,,,,,,,
Holy Potatoes! We‚Äôre in Space?!,505730,,,71.0,67.0,68.0,436.0,2/14/2017,x,x,x,,,,,,,,,x,,,,,,,
Homefront,55100,,70.0,64.0,63.0,63.0,3366.0,3/14/2011,x,,,,,,x,,,,,x,,,,,,,
Hot Brass,892860,,,81.0,78.0,76.0,404.0,2/26/2021,x,x,,,,,x,,,,,x,,,,,,,
Hotline Miami,219150,3.683333333,85.0,97.0,97.0,95.0,79366.0,10/23/2012,x,x,x,x,,,,,,,,x,,,,,,,
Hotline Miami 2: Wrong Number,274170,,,93.0,93.0,91.0,49210.0,3/10/2015,x,x,x,x,,,,,,,,x,,,,,,x,
HuniePop,339800,17.25,,96.0,96.0,94.0,21468.0,1/19/2015,x,x,x,,,,,,,,,,,,,,,,
Hunt: Showdown,594650,16.61666667,81.0,82.0,82.0,81.0,154769.0,8/27/2019,x,,,x,,,x,,,,,,,x,,,x,,
Hunt: Showdown (Test Server),770720,,,,,,,,,,,,,,,,,,,,,,,,,,
Hyperdimension Neptunia Re;Birth1,282900,18.0,72.0,94.0,94.0,91.0,9850.0,1/28/2015,x,,,x,,,,,,,,x,,x,,,,,
Hyperdimension Neptunia Re;Birth2: Sisters Generation,351710,3.383333333,,92.0,91.0,88.0,2654.0,5/29/2015,x,,,x,,,,,,,,x,,,,,,,
Inscryption,1092790,14.56666667,85.0,96.0,96.0,95.0,101572.0,10/19/2021,x,x,x,x,,,,,,,,x,,x,,,,,
Insurgency,222880,0.433333333,74.0,92.0,92.0,91.0,86375.0,1/22/2014,x,x,x,,,,x,,,x,,x,,x,,,,x,
Kenshi,233860,2.383333333,75.0,95.0,95.0,93.0,69501.0,12/6/2018,x,,,x,,,,,,,,x,,x,,,,x,
Kerbal Space Program,220200,4.133333333,88.0,95.0,95.0,94.0,97636.0,4/27/2015,x,x,x,x,,,,,,,,x,,,,,,,
Killer is Dead - Nightmare Edition,261110,,,77.0,76.0,75.0,3474.0,5/23/2014,x,,,,,,,,,,,x,,,,,,,
Killing Floor,1250,0.166666667,72.0,96.0,96.0,94.0,36817.0,5/14/2009,x,x,x,x,,,x,,,x,,x,,,,,,x,
Killing Floor 2,232090,40.18333333,75.0,89.0,89.0,88.0,77386.0,11/18/2016,x,,,x,,,x,,,,,x,,x,,,x,x,
Kingdom Come: Deliverance,379430,0.6,76.0,82.0,82.0,81.0,91075.0,2/13/2018,x,,,x,,,,,,,,x,,x,,,,,
Kingdom: Classic,368230,1.216666667,74.0,90.0,90.0,88.0,21196.0,10/21/2015,x,x,x,x,,,,,,,,,,x,,,,,
Knightfall: A Daring Journey,1911390,1.0,,88.0,87.0,84.0,2545.0,4/1/2022,x,,,x,,,x,,,,,x,,,,,,,
La-Mulana,230700,25.35,80.0,80.0,78.0,77.0,1822.0,4/15/2013,x,x,x,x,,,,,,,,x,,,,,,,
Landfall Archives,2353760,,,95.0,94.0,91.0,2343.0,3/31/2023,x,,,,,,,,,,,,,,,,,,
Last Day of June,635320,,75.0,87.0,86.0,84.0,2562.0,8/1/2017,x,,,,,,,,,,,x,,,,,,,
Last Year,1195460,,,61.0,60.0,60.0,9501.0,12/9/2019,x,,,,,,x,,,,,,,,,,x,,
Leaf Blower Revolution - Idle Game,1468260,1.466666667,,94.0,94.0,92.0,22564.0,12/4/2020,x,,,x,,,,,,,,,,,,,x,,
Left 4 Dead,500,,89.0,96.0,96.0,94.0,46133.0,11/17/2008,x,x,,x,x,,x,x,,,,x,,x,,,,,x
Left 4 Dead 2,550,19.55,89.0,97.0,97.0,96.0,636573.0,11/16/2009,x,x,x,x,x,,x,x,,,,x,,x,,,,,x
Legionwood 2: Rise of the Eternal's Realm - Director's Cut,290460,,,66.0,47.0,59.0,18.0,2/28/2014,x,x,,,,,,,,,,x,,,,,,,
Lethal Company,1966720,56.1,,97.0,97.0,96.0,308844.0,10/23/2023,x,,,x,,,x,,,,x,x,,,,,,,
Life is Strange - Episode 1,319630,,,96.0,96.0,95.0,163887.0,1/29/2015,x,x,x,x,,,,,,,,x,,x,,,,,
Like a Dragon: Infinite Wealth,2072450,63.48333333,89.0,91.0,90.0,88.0,7214.0,1/25/2024,x,,,x,,,,,,,,x,,,,,,,
LIMBO,48000,0.283333333,88.0,92.0,92.0,90.0,30974.0,8/2/2011,x,x,x,x,,,,,,,,x,,,x,,,,
Little Nightmares,424840,,81.0,94.0,94.0,92.0,41315.0,4/27/2017,x,,,x,,,,,,,,x,,,,,,,
Loadout,208090,2.133333333,72.0,86.0,86.0,85.0,39521.0,1/31/2014,,,,,,,x,,,,,,,,,,,,
Loadout Campaign Beta,238590,0.166666667,,,,,,9/18/2014,x,,,,,x,x,,x,,x,,,,,,,,
Long Live The Queen,251990,9.383333333,67.0,95.0,95.0,92.0,5628.0,11/8/2013,x,x,x,x,,,,,,,,x,,,,,,,
Loop Hero,1282730,28.63333333,82.0,93.0,93.0,91.0,30376.0,3/4/2021,x,x,x,x,,,,,,,,x,,x,,,,,
Lost Ark,1599340,0.9,,71.0,71.0,70.0,198975.0,2/11/2022,x,,,,,,x,,,,,,,,,,x,,
Lost Castle / Â§±ËêΩÂüéÂ†°,434650,,,87.0,87.0,85.0,17633.0,8/31/2016,x,x,,x,,,x,,,,,x,,x,,,,,
Love is Dead,453910,,,89.0,78.0,76.0,37.0,5/31/2018,x,x,,,,,x,,,,,x,,,,,,,
Love wish,1153430,,,80.0,78.0,77.0,1646.0,1/13/2020,x,,,x,,,,,,,,x,,,,,,,
Lumencraft,1713810,,,77.0,75.0,73.0,875.0,2/28/2023,x,x,x,x,,,x,,,,,x,,,x,,,x,
Magic Duels,316010,0.3,,70.0,70.0,69.0,23911.0,7/29/2015,,,,,,,x,,,,,x,,,,,x,,
Magic: The Gathering Arena,2141910,6.05,,65.0,64.0,64.0,9424.0,5/23/2023,x,,,x,,,,,,x,,,,,,,x,,
Magicka: Wizard Wars,202090,4.4,69.0,85.0,84.0,83.0,11427.0,5/27/2014,,,,,,,x,,,,,,,,,,,,
MapleStory,216150,0.433333333,,63.0,62.0,62.0,12549.0,8/9/2012,x,,,,,,x,,,,,,,x,,,,,
Mark of the Ninja,214560,20.4,91.0,96.0,96.0,93.0,11699.0,,,,,x,,,,,,,,x,,,,,,,
Metro: Last Light Complete Edition,43160,,,,,,,,,,,,,,,,,,,,,,,,,,
Milk inside a bag of milk inside a bag of milk,1392820,,,97.0,97.0,95.0,22355.0,8/26/2020,x,x,x,x,,,,,,,,x,,,,,,,
Mini Metro,287980,2.75,77.0,95.0,95.0,92.0,10921.0,11/6/2015,x,x,x,x,,,,,,,,x,,,,,,,
Minion Masters,489520,5.233333333,,89.0,89.0,88.0,62765.0,5/24/2019,x,x,,,,,x,,,x,,,,x,,,x,,
Mirage: Arcane Warfare,368420,,74.0,63.0,59.0,61.0,460.0,5/23/2017,x,,,,,,,,x,,,,,,,,,,
MirrorMoon EP,231310,1.316666667,73.0,64.0,59.0,62.0,316.0,9/4/2013,x,x,x,,,,,,,x,,x,,,,,,,
Modular Combat,349480,0.016666667,,75.0,73.0,72.0,1422.0,1/18/2008,x,,,x,,,x,,,,,,,,,,,,
Monaco: What's Yours Is Mine,113020,3.55,83.0,92.0,91.0,88.0,3728.0,4/24/2013,x,x,x,x,,,x,,,x,,x,,,,,,x,
Monster Girl Island: Prologue,943700,1.116666667,,,,,,,,,,,,,,,,,,,,,,,,,
MONSTER HUNTER RISE,1446780,115.2166667,86.0,81.0,81.0,80.0,60091.0,1/12/2022,x,,,x,,,x,,,,,x,,,x,x,,,
Monster Hunter Rise: Sunbreak Demo,1836450,0.583333333,,81.0,79.0,77.0,1127.0,6/14/2022,x,,,x,,,x,,,,,,,,,,,,
Monster Hunter: World,582010,218.8,88.0,88.0,88.0,87.0,260183.0,8/8/2018,x,,,x,,,x,,,,,x,,,,x,,,
Monster Train,1102190,12.4,86.0,96.0,96.0,94.0,17195.0,5/21/2020,x,,,x,,,,,,,,x,,x,,,,,
Monument Valley 2: Panoramic Edition,1927740,,,94.0,93.0,89.0,1321.0,7/12/2022,x,,,x,,,,,,,,x,,,,,,,
Monument Valley: Panoramic Edition,1927720,,,98.0,98.0,94.0,2933.0,7/12/2022,x,,,x,,,,,,,,x,,,,,,,
Moonlighter,606150,0.483333333,,82.0,81.0,80.0,13694.0,5/29/2018,x,x,x,x,,,,,,,,x,,x,,,,,
Mortal Sin,1494810,3.0,,96.0,95.0,91.0,1718.0,3/15/2023,x,,,x,,,,,,,x,x,,,,,,,
Mount & Blade: Warband,48700,7.733333333,78.0,97.0,97.0,96.0,125304.0,3/31/2010,x,x,x,x,,,,,,,,x,,x,,,,,
Muck,1625450,5.15,,93.0,93.0,92.0,162526.0,6/5/2021,x,x,x,x,,,x,,,,,,,,,,,,
MultiVersus,1818750,2.816666667,78.0,86.0,85.0,83.0,4873.0,7/19/2022,,,,x,,,x,,,x,,x,,,,,x,,
Muse Dash,774171,8.583333333,,90.0,90.0,89.0,95236.0,6/20/2019,x,x,,x,,,,,,,,x,,,,,,,
My Singing Monsters,1419170,0.016666667,,94.0,94.0,92.0,35251.0,3/24/2021,x,,,x,,,x,,,,,,,,,,x,,
NAIRI: Tower of Shirin,802450,,,87.0,82.0,79.0,191.0,11/29/2018,x,,,,,,,,,,,x,,,,,,,
NGU IDLE,1147690,69.41666667,,96.0,96.0,93.0,10948.0,10/1/2019,x,,,x,,,,,,,,,,,,,x,,
Ni no Kuni‚Ñ¢ II: Revenant Kingdom,589360,29.2,81.0,83.0,82.0,81.0,7460.0,3/23/2018,x,,,x,,,,,,,,x,,,,,,,
NieR:Automata‚Ñ¢,524220,42.61666667,84.0,87.0,87.0,86.0,92485.0,3/17/2017,x,,,x,,,,,,,,x,,,,,,,
Nioh 2 ‚Äì The Complete Edition,1325200,11.65,86.0,88.0,88.0,86.0,28052.0,2/5/2021,x,,,x,,,x,,,,,x,,,,x,,,
No More Room in Hell,224260,3.133333333,,89.0,89.0,88.0,70431.0,10/31/2011,x,,x,x,x,,x,,,x,,,,,,,,x,x
No Time To Explain Remastered,368730,,,83.0,81.0,79.0,1240.0,7/17/2015,x,x,x,x,,,x,,,,,x,,,,,,x,
Noita,881100,4.6,,95.0,95.0,93.0,58439.0,10/15/2020,x,,,x,,,,,,,,x,,,,,,,
Nomad Survival,1929870,,,88.0,87.0,84.0,1466.0,10/8/2022,x,,,x,,,,,,,,x,,,,,,,
Nosgoth,200110,14.38333333,,74.0,73.0,73.0,14847.0,1/21/2015,x,,,,,,x,,x,,,,,,,,,,
Oh...Sir! Prototype,416690,0.066666667,64.0,90.0,88.0,85.0,841.0,12/21/2015,x,x,x,,,,,,,,,,,,,,,,
Omega Strikers,1869590,7.266666667,,84.0,84.0,82.0,22371.0,9/16/2022,x,,,x,,,x,,,,,,,,,,x,,
OMORI,1150690,22.51666667,87.0,97.0,97.0,95.0,60672.0,12/25/2020,x,x,,x,,,,,,,,x,,,,,,,
One Finger Death Punch,264200,4.766666667,,98.0,98.0,95.0,12439.0,3/3/2014,x,,,x,,,,,,,,x,,,,,,,
ONE PIECE: PIRATE WARRIORS 4,1089090,20.71666667,,92.0,92.0,90.0,13958.0,3/26/2020,x,,,x,,,x,,,,,x,,,,,x,,
Only If,298260,1.333333333,39.0,62.0,61.0,61.0,5947.0,7/25/2014,x,x,x,x,,,,,,,,,,,,,,,
OpenTTD,1536610,2.583333333,,96.0,96.0,93.0,11740.0,3/14/2004,x,x,x,x,,,x,,,x,,,,,,,,,
Outlast,238320,6.066666667,80.0,96.0,96.0,94.0,82571.0,9/4/2013,x,x,x,x,x,,,,,,,x,,x,,,,,
Overgrowth,25000,,,84.0,83.0,81.0,5148.0,10/16/2017,x,x,x,x,,,x,,,,,x,,,,,,x,
Owlboy,115800,,88.0,86.0,85.0,83.0,3320.0,11/1/2016,x,x,x,x,,,,,,,,x,,x,,,,,
Paint the Town Red,337320,0.35,,95.0,95.0,93.0,23450.0,7/29/2021,x,x,x,x,,,x,,,x,,x,,x,,,,x,
Paladins - Public Test,596350,,,,,,,,,,,,,,,,,,,,,,,,,,
Paladins¬Æ,444090,11.73333333,83.0,85.0,85.0,84.0,343405.0,5/8/2018,x,,,,,,x,,,,,,,x,,,x,,
"Papers, Please",239030,5.7,85.0,97.0,97.0,95.0,61259.0,8/8/2013,x,x,x,x,,,,,,,,x,,x,,,,,
Path of Exile,238960,25.3,86.0,88.0,88.0,87.0,219383.0,10/23/2013,x,x,,x,,,x,,,,,,,x,,,x,,
Pathfinder: Kingmaker - Enhanced Plus Edition,640820,,73.0,77.0,77.0,76.0,25380.0,9/25/2018,x,x,x,x,,,,,,,,x,,x,,,,,
Paunch,792220,0.066666667,,89.0,88.0,87.0,10869.0,12/4/2019,x,,,x,,,,,,,,,,,,,,,
PAYDAY 2,218620,29.33333333,79.0,90.0,90.0,89.0,426409.0,8/13/2013,x,,x,x,,,x,,,,,x,,x,,,x,,
PAYDAY‚Ñ¢ The Heist,24240,6.283333333,76.0,93.0,93.0,91.0,20664.0,10/20/2011,x,,,x,,,x,,,,,x,,,,,,,
Penumbra: Black Plague Gold Edition,22120,5.666666667,78.0,93.0,92.0,89.0,2332.0,1/23/2009,x,x,x,x,x,,,,,,,x,,,,,,,
Penumbra: Requiem,22140,,67.0,52.0,49.0,52.0,903.0,,,,,,x,,,,,,,x,,,,,,,
Persona 4 Golden,1113000,65.93333333,87.0,97.0,97.0,95.0,59032.0,6/13/2020,x,,,x,,,,,,,,x,,,,,,,
Persona¬Æ 5 Strikers,1382330,21.83333333,76.0,90.0,90.0,88.0,10799.0,2/22/2021,x,,,,,,,,,,,x,,,,,,,
Phasmophobia,739630,122.4166667,,96.0,96.0,95.0,545114.0,9/18/2020,x,,,x,,,x,,,,x,x,,x,,,,,
Pixel Piracy,264140,12.45,,66.0,65.0,65.0,5692.0,4/23/2015,x,x,x,,,,,,,,,x,,,,,,,
Pixel Studio - pixel art editor,1204050,2.283333333,,95.0,94.0,91.0,3207.0,1/1/2020,x,x,,,,,,,,,,,,,,,x,,
Plague Inc: Evolved,246620,15.83333333,,94.0,94.0,92.0,45248.0,2/18/2016,x,x,x,x,,,x,,,x,,x,,,,,,x,
Planetary Annihilation,233250,70.81666667,62.0,57.0,56.0,57.0,10934.0,9/5/2014,x,x,x,,,x,x,,,x,,,,,,,,,
PlanetSide 2,218230,1.9,84.0,81.0,81.0,80.0,71521.0,11/20/2012,x,,,x,,,x,,,,,,,x,,,,,
PlanetSide 2 - Test,1083500,,,80.0,72.0,72.0,94.0,11/20/2012,x,,,,,,,,,,,,,,,,,,
PlateUp!,1599600,7.1,,95.0,95.0,92.0,12443.0,8/4/2022,x,,,x,,,x,,,,,x,,,x,,,,
Pony Island,405640,1.2,86.0,95.0,95.0,92.0,12414.0,1/4/2016,x,x,x,x,,,,,,,,x,,,,,,,
Portal 2,620,30.33333333,95.0,98.0,98.0,97.0,320731.0,4/18/2011,x,x,,x,x,,x,x,,,,x,,x,,,,x,
Portal Reloaded,1255980,0.816666667,,96.0,96.0,94.0,19545.0,4/19/2021,x,x,x,x,x,,x,,,,,,,,,,,,
Prey,480490,4.65,,90.0,90.0,88.0,31537.0,5/4/2017,x,,,x,,,,,,,,x,,,,,,,
Prey: Typhon Hunter,741820,,75.0,32.0,29.0,35.0,632.0,12/11/2018,x,,,x,,,,,,,,x,,,,,,,
Prison Architect,233450,6.316666667,83.0,90.0,90.0,89.0,55286.0,10/6/2015,x,x,x,x,,,,,,,,x,,x,,,,x,
Prototype 2,115320,14.71666667,76.0,73.0,72.0,72.0,8771.0,7/24/2012,x,,,x,,,x,,,,,x,,,,,,,
Psychonauts,3830,12.21666667,87.0,96.0,96.0,93.0,10212.0,4/19/2005,x,x,x,x,,,,,,,,x,,,,,,,
Psychonauts in the Rhombus of Ruin,788690,1.766666667,,88.0,85.0,82.0,446.0,4/19/2018,x,,,,,,,,,,,x,,,,,,,
Punch Club,394310,1.55,73.0,82.0,81.0,80.0,10338.0,1/8/2016,x,x,x,x,x,,,,,,,x,,,,,,,
Quake Champions,611500,,,73.0,73.0,72.0,37499.0,8/18/2022,x,,,x,,,,,,,,,,,,,,,
Quake II RTX,1089130,0.05,,87.0,86.0,84.0,4359.0,6/6/2019,x,,x,,,,,,,,,,,,,,,,
Quaver,980610,2.9,,92.0,92.0,90.0,13819.0,7/10/2020,x,x,x,x,,,x,,,,,,,,,,,x,
Quiplash,351510,,,93.0,91.0,87.0,895.0,6/30/2015,x,x,x,x,,,x,,,,,x,,,,,,,
Rain World,312520,0.116666667,66.0,94.0,94.0,92.0,22973.0,3/28/2017,x,,,x,,,,,,,,x,,,,,,,
Ready or Not,1144200,14.43333333,,88.0,88.0,87.0,133706.0,12/13/2023,x,,,x,,,x,,,,,,,x,,,,,
Realm Royale - Test Server,878760,,,,,,,,,,,,,,,,,,,,,,,,,,
Realm Royale Reforged,813820,0.6,,75.0,75.0,74.0,56461.0,6/5/2018,x,,,,,,x,,,,x,,,x,,,,,
Rec Room,471710,0.95,,90.0,90.0,89.0,62165.0,6/1/2016,x,,,,,,x,,,x,,,,,,,x,x,
Red Dead Redemption 2,1174180,39.05,93.0,91.0,91.0,90.0,515595.0,12/5/2019,x,,,x,,,x,,,,,,,,,,x,,
Red Orchestra 2: Heroes of Stalingrad with Rising Storm,35450,,76.0,93.0,93.0,91.0,23675.0,9/13/2011,x,,,x,,,,,,,,x,,,,,,x,
Relic Hunters Zero: Remix,382490,0.9,,93.0,92.0,90.0,6798.0,8/18/2015,x,x,,x,,,x,,,,,,,,,,,,
REMNANT II¬Æ,1282100,25.08333333,,84.0,84.0,83.0,34270.0,7/25/2023,x,,,,,,x,,,,,x,,,,,,,
RetroArch,1118310,0.666666667,,90.0,89.0,87.0,6228.0,5/26/2010,x,x,x,,,,x,,,,,,,,,,,,
Reus,222730,4.666666667,75.0,78.0,77.0,76.0,4519.0,5/16/2013,x,x,x,,,,,,,,,x,,,,,,,
Riders of Icarus,442080,4.45,,65.0,64.0,64.0,10614.0,7/6/2016,x,,,,,,x,,,,,,,,,,x,,
RimWorld,294100,5.25,87.0,98.0,98.0,97.0,154513.0,10/17/2018,x,x,x,x,,,,,,,,x,,x,,,,,
Rise of Legions,748940,0.4,,82.0,80.0,79.0,1639.0,8/30/2019,x,,,,,,x,,,,,,,,,,x,,
Rising Storm 2: Vietnam,418460,,81.0,87.0,87.0,85.0,37564.0,5/30/2017,x,,,,,,,,,,,x,,x,,,x,x,
Rising Storm 2: Vietnam CTB Beta,737230,,,,,,,,,,,,,,,,,,,,,,,,,,
Risk of Rain (2013),248820,12.55,77.0,93.0,93.0,91.0,20384.0,11/8/2013,x,x,x,x,,,x,,,,,x,,,,,,,
Risk of Rain 2,632360,236.4,85.0,96.0,96.0,95.0,180686.0,8/11/2020,x,,,x,,,x,,,,,x,,,,,,,
Risk of Rain Returns,1337520,27.46666667,,90.0,90.0,88.0,22963.0,11/8/2023,x,,,x,,,x,,,,,x,,,,,,,
Road 96 üõ£Ô∏è,1466640,,79.0,91.0,91.0,89.0,14422.0,8/16/2021,x,,,x,,,,,,,,x,,x,,,,,
Road Redemption,300380,2.516666667,,82.0,81.0,80.0,9136.0,10/7/2019,x,x,x,x,x,,x,,,,,x,,x,,,,,
Robocraft,301520,8.1,,72.0,72.0,71.0,118745.0,8/24/2017,x,x,x,x,,,x,,,,,,,,,,x,,
Rocketbirds: Hardboiled Chicken,215510,,74.0,81.0,79.0,78.0,1874.0,10/15/2012,x,x,x,,,,x,,,,,x,,,,,,,
RPG Maker VX Ace,220700,2.016666667,,93.0,92.0,89.0,2998.0,12/10/2012,x,,,,,,,,,,,,,,,,,,
RPG Maker XP,235900,0.1,,93.0,92.0,88.0,940.0,9/16/2005,x,,,,,,,,,,,,,,,,,,
Rust,252490,19.93333333,69.0,87.0,87.0,86.0,862656.0,2/8/2018,x,x,,,,,x,,,x,,,,x,,,x,,
Rust - Staging Branch,700580,,,,,,,,,,,,,,,,,,,,,,,,,,
Saints Row IV: Re-Elected,206420,21.33333333,86.0,88.0,88.0,87.0,56810.0,8/19/2013,x,,x,x,,,x,,,x,,x,,x,,,,,
Saints Row: The Third,55230,49.71666667,84.0,95.0,95.0,93.0,47188.0,11/14/2011,x,,x,x,,,x,,,,,x,,x,,,,,
Sakura Clicker,383080,0.1,,83.0,82.0,81.0,14704.0,7/29/2015,x,,,x,,,,,,,,,,,,,,,
Sanctum 2,210770,,77.0,92.0,91.0,89.0,7241.0,5/15/2013,x,x,x,x,,,x,,,,,x,,x,,,,,
Schism,2084300,0.3,,100.0,93.0,83.0,35.0,12/11/2023,x,,,x,,,,,,,x,x,,,x,,,,
SCP: Containment Breach Multiplayer,1782380,0.116666667,,86.0,86.0,84.0,21925.0,10/25/2021,x,,,x,,,x,,,,,,,,,,,,
SCP: Secret Laboratory,700330,25.58333333,,91.0,91.0,90.0,187928.0,12/29/2017,x,,,x,,,x,,,,,,,x,,,,,
Scribblenauts Unlimited,218680,15.68333333,75.0,94.0,94.0,91.0,7120.0,11/19/2012,x,,,x,,,,,,,,x,,,,,,,
SEGA Mega Drive and Genesis Classics,34270,,,86.0,85.0,83.0,6993.0,6/1/2010,x,x,x,x,,,x,,,,,x,,,,,,,
Sekiro‚Ñ¢: Shadows Die Twice - GOTY Edition,814380,38.05,88.0,95.0,95.0,94.0,200199.0,3/21/2019,x,,,x,,,,,,,,x,,,,,,,
Sex with the Devil,1202690,,,,,,,,,,,,,,,,,,,,,,,,,,
Shadow Warrior,233130,3.316666667,73.0,92.0,92.0,90.0,14938.0,9/26/2013,x,x,x,x,x,,,,,,,x,,,,,,,
Shadowrun Returns,234650,,76.0,88.0,87.0,86.0,9060.0,7/25/2013,x,x,x,x,,,,,,,,x,,x,,,,x,
Shadows of Doubt,986130,10.6,,92.0,91.0,89.0,8034.0,4/24/2023,x,,,x,,,,,,,x,x,,,,,,,
Sid Meier's Civilization¬Æ III Complete,3910,,90.0,91.0,90.0,88.0,4674.0,10/30/2001,x,,,,,,,,,,,x,,,,,,x,
Sid Meier's Civilization¬Æ V,8930,126.4,90.0,96.0,96.0,95.0,119617.0,9/21/2010,x,x,x,x,,,x,,,,,x,,,,,,,
Sid Meier's Civilization¬Æ: Beyond Earth‚Ñ¢,65980,21.5,81.0,60.0,59.0,59.0,13243.0,10/23/2014,x,x,x,,,,,,,,,x,,,,,,,
Sid Meier‚Äôs Civilization¬Æ VI,289070,102.55,88.0,86.0,86.0,85.0,221205.0,10/20/2016,x,x,x,x,,,x,,,x,,x,,,,,,,
Skullgirls 2nd Encore,245170,0.566666667,83.0,89.0,89.0,87.0,20739.0,8/22/2013,x,x,x,x,,,,,,,,x,,x,,,,,
Skullgirls ‚àûEndless Beta‚àû,208610,1.75,,,,,,,,,,,,,,,,,,,,,,,,,
Skyborn,278460,0.016666667,,88.0,86.0,82.0,539.0,2/21/2014,x,x,x,,,,,,,,,x,,x,,,,,
Skyrim Script Extender (SKSE),365720,0.016666667,,98.0,97.0,92.0,1171.0,8/12/2015,x,,,,,,,,,,,,,,,,,,
Slay the Spire,646570,52.96666667,89.0,97.0,97.0,96.0,131317.0,1/23/2019,x,x,x,x,,,,,,,,x,,x,,,,,
Sleeping Dogs,202170,15.38333333,80.0,93.0,93.0,90.0,9992.0,,,,,,,,,,,,,x,,,,,,,
Slime Rancher,433340,9.133333333,81.0,97.0,97.0,96.0,105568.0,8/1/2017,x,x,x,x,,,,,,,,x,,,,,,,
SMITE - Public Test,858460,,,,,,,,,,,,,,,,,,,,,,,,,,
SMITE¬Æ,386360,586.1666667,83.0,79.0,79.0,78.0,116481.0,9/8/2015,x,,,,,,x,,,,,,,x,,,,,
Snake Pass,544330,,,86.0,84.0,82.0,1023.0,3/28/2017,x,,,x,,,,,,,,x,,x,,,,,
Sniper Elite V2,63380,19.86666667,66.0,88.0,87.0,85.0,5911.0,,,,,,,,x,,,,,x,,,,,,,
Soulstice,1602080,,,78.0,76.0,75.0,1130.0,9/19/2022,x,,,x,,,,,,,,x,,,,,,,
Soulstone Survivors,2066020,24.63333333,,90.0,90.0,88.0,16763.0,11/7/2022,x,x,x,x,,,,,,,x,x,,,,,,,
Soundodger+,247140,1.633333333,78.0,90.0,88.0,84.0,672.0,10/11/2013,x,,,x,,,,,,,,x,,,,,,x,
Source Filmmaker,1840,0.133333333,,93.0,93.0,91.0,37013.0,7/10/2012,x,,,,,,,,,,,,,,,,,,
South Park‚Ñ¢: The Stick of Truth‚Ñ¢,213670,12.75,,97.0,97.0,95.0,48713.0,3/3/2014,x,,,x,,,,,,,,x,,x,,,,,
Spacebase DF-9 Prototype,228020,,,,,,,,,,,,,,,,,,,,,,,,,,
SpeedRunners,207140,80.41666667,84.0,94.0,94.0,92.0,21968.0,4/19/2016,x,x,x,x,,,x,,,x,,x,,x,x,,,x,
Splasher,446840,,79.0,94.0,92.0,87.0,477.0,2/7/2017,x,x,x,x,,,,,,,,x,,,,,,,
Splitgate,677620,26.35,,91.0,91.0,90.0,111111.0,5/24/2019,x,,x,x,x,,x,,,x,,,,x,,,x,,
Spooky's Jump Scare Mansion,356670,0.283333333,,92.0,92.0,90.0,14319.0,7/28/2015,x,,,x,,,,,,,,,,,,,,,
SPORE‚Ñ¢,17390,29.25,84.0,92.0,92.0,90.0,53114.0,12/19/2008,,,,,,,,,,,,x,,,,,,,
SPORE‚Ñ¢ Creepy & Cute Parts Pack,17440,,53.0,88.0,87.0,84.0,1720.0,12/19/2008,x,,,,,,x,,,,,x,,,,,,,
SPORE‚Ñ¢ Galactic Adventures,24720,,70.0,88.0,87.0,85.0,6092.0,6/23/2009,x,,,x,,,,,,,,x,,,,,,,
Sprite Lamp,316830,,,66.0,43.0,59.0,12.0,9/25/2014,x,x,,,,,,,,,,,,,,,,,
Spriter Pro,332360,0.066666667,,72.0,66.0,67.0,190.0,11/14/2014,x,,x,,,,,,,,,,,,,,,,
Stacking,115110,0.016666667,80.0,90.0,88.0,85.0,877.0,3/6/2012,x,x,x,x,,,,,,,,x,,,,,,,
Starbound,211820,49.0,81.0,90.0,90.0,89.0,84534.0,7/22/2016,x,x,x,x,,,x,,,x,,x,,x,,,,,
Starbound - Unstable,367540,,,,,,,,,,,,,,,,,,,,,,,,,,
Stardew Valley,413150,144.6666667,89.0,98.0,98.0,97.0,580492.0,2/26/2016,x,x,x,x,,,x,,,,,x,,x,,,,,
Stealth Inc 2: A Game of Clones,329380,0.2,,72.0,64.0,67.0,101.0,4/30/2015,x,,,,,,,,,,,x,,,,,,x,
Stellaris,281990,75.21666667,78.0,88.0,88.0,87.0,114566.0,5/9/2016,x,x,x,x,,,,,,x,,x,,x,,,,,
Stories: The Path of Destinies,439190,,74.0,86.0,85.0,82.0,1865.0,4/12/2016,x,,,x,,,,,,,,x,,,,,,,
STRANGER OF PARADISE FINAL FANTASY ORIGIN,1358700,38.6,,84.0,83.0,81.0,2142.0,4/6/2023,x,,,,,,x,,,,,x,,,,,,,
Street Fighter‚Ñ¢ 6,1364780,57.26666667,92.0,86.0,86.0,84.0,23360.0,6/1/2023,x,,,x,,,,,,x,,x,,,x,,x,,
Streets of Rogue,512900,8.733333333,,96.0,96.0,93.0,15046.0,7/12/2019,x,x,x,x,,,x,,,x,,x,,x,,,,x,
SuchArt: Genius Artist Simulator,1293180,,,97.0,96.0,93.0,3336.0,10/13/2022,x,,,x,,,,,,,,x,,,,,,,
Sunrider: Mask of Arcadius,313730,0.233333333,,92.0,91.0,88.0,2769.0,7/2/2014,x,x,x,x,,,,,,,,,,,,,,,
Super Animal Royale,843380,0.7,,93.0,93.0,91.0,39674.0,8/26/2021,x,x,,x,,,x,,,x,,,,x,,,x,,
Super Auto Pets,1714040,1.516666667,,90.0,90.0,88.0,31125.0,9/24/2021,x,x,x,x,,,,,,x,,,,,,,x,,
Super Bomberman R Online,1308380,0.616666667,,59.0,58.0,58.0,3483.0,5/26/2021,,,,x,,,,,x,x,,,x,,,,x,,
Super Splatters,95000,8.866666667,73.0,75.0,69.0,70.0,169.0,6/26/2013,,,,,,,,,,,,x,,,,,,,
Surgeon Simulator,233720,2.716666667,71.0,83.0,82.0,81.0,13187.0,4/19/2013,x,x,x,x,,,,,,,,x,,x,,,,,
Surviving Mars,464920,,76.0,85.0,85.0,83.0,15040.0,3/15/2018,x,x,x,,,,,,,,,x,,x,,,,,
Sweet Lily Dreams,300540,0.016666667,,83.0,64.0,69.0,18.0,5/16/2014,x,,,,,,,,,,,x,,,,,,,
Tabletop Simulator,286160,47.35,,96.0,96.0,94.0,38496.0,6/5/2015,x,x,x,,,,x,,,x,,x,,x,,,,x,
Tacoma,343860,,76.0,87.0,86.0,84.0,2762.0,8/1/2017,x,x,x,x,,,,,,,,x,,x,,,,,
Team Fortress 2,440,20.38333333,92.0,93.0,93.0,92.0,1039590.0,10/10/2007,x,x,x,x,x,,x,x,,x,,,,x,,,x,x,
Team Sonic Racing‚Ñ¢,785260,0.766666667,,73.0,72.0,71.0,2465.0,5/21/2019,x,,,,,,x,,,,,x,,,,,,,
Terraria,105600,956.3333333,83.0,97.0,97.0,96.0,1014704.0,5/16/2011,x,x,x,x,,,x,,,,,x,,x,,,,,
The Binding of Isaac,113200,43.51666667,84.0,95.0,95.0,93.0,44781.0,9/28/2011,x,x,,x,,,,,,,,x,,,,,,,
The Binding of Isaac: Rebirth,250900,252.4666667,,97.0,97.0,96.0,255592.0,11/4/2014,x,x,x,x,,,x,,,,,x,,,,,,,
The Bureau: XCOM Declassified,65930,,66.0,67.0,66.0,66.0,4563.0,8/19/2013,x,x,,x,,,,,,,,x,,,,,,,
The Elder Scrolls V: Skyrim,72850,122.2,94.0,94.0,94.0,93.0,180942.0,11/10/2011,x,,,x,,,,,,,,x,,,,,,,
The Elder Scrolls V: Skyrim Special Edition,489830,7.6,74.0,93.0,93.0,92.0,158303.0,10/27/2016,x,,,x,,,,,,,,x,,,,,,,
The Elder Scrolls¬Æ: Legends‚Ñ¢,364470,5.533333333,,74.0,73.0,73.0,10549.0,5/31/2017,x,x,,x,,,,,,x,,,,,,,x,,
The Escapists,298630,10.08333333,71.0,90.0,90.0,88.0,13942.0,2/13/2015,x,x,x,x,,,x,,,,,x,,x,,,,,
THE FINALS,2073850,13.43333333,,75.0,75.0,74.0,156596.0,12/7/2023,x,,,,,,x,,,x,,,,,,,x,,
The Jackbox Party Pack,331670,,,91.0,90.0,86.0,1331.0,11/26/2014,x,x,x,x,,,x,,,,,x,,,,,,,
The Jackbox Party Pack 2,397460,1.05,,95.0,94.0,90.0,1302.0,10/13/2015,x,x,x,x,,,x,,,,,x,,,,,,,
The Jackbox Party Pack 3,434170,14.68333333,,97.0,97.0,93.0,4474.0,10/17/2016,x,x,x,x,,,x,,,,,x,,,,,,,
The Jackbox Party Pack 4,610180,7.616666667,,95.0,94.0,91.0,2183.0,10/18/2017,x,x,x,x,,,x,,,,,x,,,,,,,
The Jackbox Party Pack 5,774461,,,93.0,92.0,89.0,1961.0,10/17/2018,x,x,x,x,,,x,,,,,x,,,,,,,
The Jackbox Party Pack 6,1005300,0.683333333,80.0,95.0,94.0,90.0,2086.0,10/16/2019,x,x,x,x,,,x,,,,,x,,,,,,,
The Last Campfire,990630,,80.0,97.0,97.0,94.0,6858.0,10/7/2021,x,,,x,,,,,,,,x,,,x,,,,
The Norwood Suite,696480,,78.0,96.0,94.0,89.0,491.0,10/2/2017,x,x,,x,x,,,,,,,x,,,x,,,,
The one who pulls out the sword will be crowned king,1865370,0.1,,90.0,89.0,87.0,8291.0,3/28/2022,x,x,x,x,,,,,,,,,,,,,,,
The Outer Worlds: Spacer's Choice Edition,1920490,1.966666667,,63.0,60.0,61.0,987.0,3/7/2023,x,,,x,,,,,,,,x,,,,,,,
The Outlast Trials,1304930,27.61666667,,93.0,93.0,91.0,40493.0,3/5/2024,x,,,x,,,x,,,,,x,,,,,,,
The Red Solstice,265590,,74.0,73.0,70.0,70.0,836.0,7/9/2015,x,,,x,x,,x,,,,,x,,,,,,,
The Walking Dead,207610,14.21666667,82.0,97.0,97.0,95.0,41607.0,4/24/2012,x,x,,x,,,,,,,,x,,,,,,,
The Walking Dead: Season Two,261030,7.6,80.0,96.0,96.0,94.0,22818.0,12/17/2013,x,x,,x,,,,,,,,x,,,,,,,
The Witcher¬Æ 3: Wild Hunt,292030,76.73333333,93.0,96.0,96.0,95.0,702807.0,5/18/2015,x,,,x,,,,,,,,x,,x,,,,,
Thief,239160,2.566666667,70.0,75.0,74.0,74.0,16085.0,2/27/2014,x,x,,x,,,,,,,,x,,x,,,,,
Tiger Knight: Empire War,534500,2.033333333,,78.0,77.0,76.0,8522.0,10/24/2016,x,,,,,,x,,,,x,,,,,,x,,
Time Clickers,385770,0.283333333,,87.0,86.0,84.0,4994.0,7/23/2015,x,x,x,x,,,,,,,,,,,,,,,
Tin Can,1315980,,,87.0,85.0,82.0,720.0,5/12/2022,x,,,x,,,,,,,,x,,,x,,,,
Tiny Rogues,2088570,27.71666667,,97.0,97.0,94.0,6184.0,9/23/2022,x,,,x,,,,,,,x,x,,,,,,,
tModLoader,1281930,124.2333333,,97.0,97.0,96.0,242905.0,5/16/2020,x,x,x,x,,,x,,,,,,,,,,,,
To the Moon,206440,4.016666667,81.0,96.0,96.0,94.0,57438.0,11/1/2011,x,x,x,x,,,,,,,,x,,,,,,,
Tom Clancy's Ghost Recon Phantoms - NA,243870,8.183333333,70.0,71.0,70.0,70.0,19195.0,4/10/2014,x,,,,,,x,,x,,,,,,,,,,
Tom Clancy's Ghost Recon¬Æ Wildlands Open Beta,584210,0.783333333,,49.0,48.0,49.0,4706.0,2/23/2017,x,,,,,x,x,,x,,,,,,,,,,
Tomb Raider,203160,6.233333333,86.0,96.0,96.0,95.0,142569.0,3/4/2013,x,x,,x,,,,,,,,x,,x,,,,,
Torchlight II,200710,2.25,88.0,93.0,93.0,91.0,31251.0,9/20/2012,x,x,,x,,,x,,,x,,x,,x,,,,,
Toribash,248570,3.883333333,,88.0,88.0,86.0,16358.0,3/1/2006,x,x,x,x,,,,,,x,,,,,,,x,x,
Total War: SHOGUN 2,34330,,90.0,91.0,91.0,89.0,31483.0,3/15/2011,x,x,x,,,,x,,,,,x,,,,,,,
Total War: WARHAMMER,364360,,86.0,78.0,78.0,77.0,30969.0,5/24/2016,x,x,x,x,,,x,,,,,x,,,,,,,
Total War: WARHAMMER II,594570,37.23333333,87.0,93.0,93.0,92.0,82719.0,9/28/2017,x,x,x,x,,,x,,,,,x,,,,,,,
Total War: WARHAMMER III,1142710,3.8,86.0,62.0,62.0,62.0,68778.0,2/16/2022,x,x,x,,,,x,,,,,x,,,,,,,
Totally Accurate Battlegrounds,823130,22.55,,88.0,88.0,87.0,83933.0,6/5/2018,x,,,x,,,x,,,,,,,x,,,x,,
TrackMania Nations Forever,11020,0.016666667,,89.0,89.0,87.0,22311.0,4/16/2008,x,,,x,,,x,,,,,,,,,,,x,
Trek to Yomi,1370050,,,71.0,69.0,69.0,1488.0,5/5/2022,x,,,x,,,,,,,,x,,,,,,,
Trine 2: Complete Story,35720,,84.0,95.0,95.0,92.0,14657.0,6/6/2013,x,x,x,x,,,x,,,x,,x,,x,,,,x,
Tropico 5,245620,55.9,75.0,78.0,77.0,76.0,9449.0,5/23/2014,x,,x,x,,,x,,,x,,x,,x,,,,x,
Trove,304050,13.16666667,,80.0,80.0,79.0,91545.0,7/9/2015,x,,,x,,,x,,,,,,,,,,x,,
Ultimate Custom Night,871720,2.066666667,,95.0,95.0,93.0,54932.0,6/27/2018,x,,,,,,,,,,,,,,,,,,
Ultimate Epic Battle Simulator,616560,0.25,,77.0,76.0,75.0,8345.0,4/12/2017,x,,,x,,,,,,,,x,,,,,,,
ULTRAKILL,1229490,7.65,,98.0,98.0,96.0,95036.0,9/3/2020,x,,,x,,,,,,,x,x,,x,,,,,
UNBEATABLE [white label],1290490,0.383333333,,96.0,96.0,93.0,7668.0,5/7/2021,x,,,x,,,,,,,,,,,,,,,
Undertale,391540,18.3,92.0,96.0,96.0,95.0,197802.0,9/15/2015,x,x,x,x,,,,,,,,x,,,,,,,
UnEpic,233980,8.266666667,68.0,91.0,90.0,88.0,5075.0,7/25/2014,x,x,x,x,,,x,,,,,x,,,,,,x,
Unfortunate Spacemen,408900,6.066666667,,86.0,85.0,84.0,7354.0,6/12/2020,x,,,,,,x,,,,,,,x,,,x,,
Unturned,304930,3.733333333,,91.0,91.0,90.0,537384.0,7/7/2017,x,x,x,x,,,x,,,,,,,x,,,x,x,
Vainglory,1025580,0.016666667,,65.0,64.0,64.0,4190.0,2/13/2019,,,,,,,x,,,x,x,x,,,,,x,,
Valheim,892970,16.18333333,,94.0,94.0,93.0,381509.0,2/2/2021,x,,x,x,,,x,,,,x,x,,x,,,,,
Vampire Survivors,1794680,65.85,86.0,98.0,98.0,97.0,216405.0,10/20/2022,x,x,,x,,,x,,,,,x,,,,,,,
Vampire: The Masquerade - Bloodhunt,760160,0.75,,75.0,75.0,74.0,54249.0,4/27/2022,x,,,x,,,,,,x,,,,,,,x,,
Viscera Cleanup Detail: Shadow Warrior,255520,,,80.0,79.0,77.0,2101.0,10/11/2013,x,x,x,x,,,x,,,,,x,,,,,,,
VRChat,438100,0.35,,74.0,74.0,73.0,214928.0,2/1/2017,x,,,x,,,x,,,x,x,,,,,,,,
WAKFU,215080,0.633333333,76.0,75.0,74.0,73.0,9843.0,9/18/2014,x,x,x,,,,x,,,,,,,,,,x,,
Wall World,2187290,,,92.0,91.0,89.0,6681.0,4/5/2023,x,,,x,,,,,,,,x,,,,,,,
Wallpaper Engine,431960,33.48333333,,98.0,98.0,97.0,710917.0,11/1/2018,x,,,,,,,,,,,,,,,,,x,
War Thunder,236390,20.96666667,81.0,75.0,75.0,75.0,478651.0,8/15/2013,x,x,x,x,,,x,,,x,,,,x,,,x,,
Warframe,230410,168.0333333,69.0,87.0,87.0,86.0,571644.0,3/25/2013,x,,,x,,,x,,,,,,,x,,,x,,
"Warhammer 40,000: Dark Nexus Arena",408330,0.133333333,,39.0,35.0,41.0,493.0,12/9/2015,x,,,,,x,x,,,,x,,,,,,,,
"Warhammer 40,000: Mechanicus",673880,,78.0,92.0,92.0,89.0,9393.0,11/15/2018,x,x,x,x,,,,,,,,x,,x,,,,,
"Warhammer 40,000: Space Marine - Anniversary Edition",55150,,74.0,92.0,92.0,90.0,12017.0,9/5/2011,x,,,x,,,x,,,,,x,,,,,,,
Warhammer Age of Sigmar: Realms of Ruin,1844380,,,58.0,56.0,57.0,1294.0,11/17/2023,x,,,,,,,,,x,,x,,,,x,,,
Warhammer: End Times - Vermintide,235540,0.583333333,79.0,82.0,81.0,80.0,12957.0,10/23/2015,x,,,x,x,,x,,,,,x,,x,,,,,
Warhammer: Vermintide 2,552500,18.4,82.0,84.0,84.0,83.0,77455.0,3/8/2018,x,,,,,,x,,,,,x,,x,,,,,
WARRIORS OROCHI 3 Ultimate Definitive Edition,1879330,1.8,83.0,88.0,87.0,84.0,1631.0,7/12/2022,x,,,x,,,x,,,,,x,,,,,,,
We Become What We Behold [Fan-Made Port],1103210,0.083333333,,96.0,95.0,92.0,4573.0,7/9/2019,x,x,,x,,,,,,,,,,,,,,,
We Were Here,582500,1.633333333,,90.0,90.0,88.0,26606.0,2/3/2017,x,x,,,,,x,,,,,,,,,,,,
We Were Here Expeditions: The FriendShip,2296990,,,85.0,83.0,81.0,1115.0,9/14/2023,x,,,x,,,x,,,x,,x,,,,,,,
World of Warships,552990,0.7,81.0,77.0,77.0,76.0,138104.0,11/15/2017,x,,,x,,,x,,,,,,,x,,,x,,
Written in the Sky,416130,,,77.0,75.0,74.0,2090.0,10/31/2015,,,,,,,,,,,,x,,,,,,,
XCOM¬Æ 2,268500,18.18333333,88.0,84.0,84.0,83.0,67648.0,2/4/2016,x,x,x,x,,,x,,,,,x,,,,,,,
YOU DON'T KNOW JACK HEADRUSH,260060,,,79.0,64.0,69.0,29.0,4/20/1998,x,,,,,,,,,,,x,,,,,,,
YOU DON'T KNOW JACK MOVIES,260000,,,65.0,53.0,60.0,46.0,4/30/1997,x,,,,,,,,,,,x,,,,,,,
YOU DON'T KNOW JACK SPORTS,260020,,,76.0,58.0,66.0,21.0,9/30/1996,x,,,,,,,,,,,x,,,,,,,
YOU DON'T KNOW JACK TELEVISION,260040,,,85.0,71.0,72.0,27.0,5/9/1997,x,,,,,,,,,,,x,,,,,,,
YOU DON'T KNOW JACK Vol. 1 XL,252730,,,82.0,76.0,75.0,128.0,9/12/1995,x,,,,,,,,,,,x,,,,,,,
YOU DON'T KNOW JACK Vol. 2,259940,,,91.0,83.0,79.0,56.0,11/30/1996,x,,,,,,,,,,,x,,,,,,,
YOU DON'T KNOW JACK Vol. 3,259960,,,90.0,81.0,78.0,55.0,10/31/1997,x,,,,,,,,,,,x,,,,,,,
YOU DON'T KNOW JACK Vol. 4 The Ride,259980,,,91.0,85.0,81.0,98.0,11/30/1998,x,,,,,,,,,,,x,,,,,,,
Your Only Move Is HUSTLE,2212330,35.26666667,,96.0,96.0,94.0,17391.0,2/2/2023,x,,x,x,,,,,,,,x,,,,,,,
Yu-Gi-Oh! Duel Links,601510,1.266666667,,83.0,83.0,82.0,41841.0,11/16/2017,x,,,x,,,x,,,x,,,,,,,x,,
Yu-Gi-Oh! Master Duel,1449850,8.816666667,,75.0,75.0,74.0,71865.0,1/18/2022,x,,,x,,,,,,x,,,,,,,x,,
YUR,1188920,14.16666667,,85.0,82.0,80.0,486.0,9/2/2020,x,,,,,,,,,,,,,,,,,,
